                  epoch,         train/box_loss,         train/cls_loss,         train/dfl_loss,   metrics/precision(B),      metrics/recall(B),       metrics/mAP50(B),    metrics/mAP50-95(B),           val/box_loss,           val/cls_loss,           val/dfl_loss,                 lr/pg0,                 lr/pg1,                 lr/pg2
                      1,                 1.3785,                 1.9373,                  1.655,                0.00967,                0.53794,                 0.0081,                0.00469,                 1.6242,                    inf,                  2.709,             0.00054359,             0.00054359,             0.00054359
                      2,                  1.509,                  1.493,                 1.7353,                0.06686,                0.36354,                0.04966,                0.02507,                 2.0014,                 45.324,                 5.0542,              0.0008816,              0.0008816,              0.0008816
                      3,                 1.4513,                 1.3607,                 1.6863,                0.45979,                0.47971,                  0.444,                0.24625,                 2.0883,                 4.1678,                 2.4398,             0.00099957,             0.00099957,             0.00099957
                      4,                 1.3924,                 1.2999,                 1.6617,                0.66759,                0.55776,                0.61701,                0.36982,                 1.6143,                 2.6639,                 2.0375,              0.0006768,              0.0006768,              0.0006768
                      5,                 1.2322,                 1.1075,                 1.5467,                0.91495,                0.67795,                 0.7969,                0.57808,                 1.0923,                 0.9196,                 1.4707,             0.00034674,             0.00034674,             0.00034674
